<?xml version="1.0" encoding="UTF-8"?>

<document repository="default" id="generic-model">
  <system>
    <type>DocumentRoute</type>
    <path>generic-model</path>
    <lifecycle-state>validated</lifecycle-state>
    <lifecycle-policy>documentRouteElement</lifecycle-policy>
    <facet>DocumentRoute</facet>
    <facet>Orderable</facet>
    <facet>StepFolder</facet>
    <facet>facet-var_generic-model</facet>
    <access-control/>
  </system>
  <schema xmlns:dc="http://www.nuxeo.org/ecm/schemas/dublincore/" name="dublincore">
    <dc:creator/>
    <dc:source/>
    <dc:nature/>
    <dc:contributors/>
    <dc:created/>
    <dc:description/>
    <dc:rights/>
    <dc:subjects/>
    <dc:publisher/>
    <dc:valid/>
    <dc:format/>
    <dc:issued/>
    <dc:modified/>
    <dc:language/>
    <dc:coverage/>
    <dc:expired/>
    <dc:lastContributor/>
    <dc:title><![CDATA[generic-model]]></dc:title>
  </schema>
  <schema xmlns:docri="http://www.nuxeo.org/ecm/schemas/document_route_instance/" name="document_route_instance">
    <docri:initiator/>
    <docri:variablesFacet><![CDATA[facet-var_generic-model]]></docri:variablesFacet>
    <docri:participatingDocuments/>
    <docri:availabilityFilter>isProcedureInstance</docri:availabilityFilter>
  </schema>
  <schema xmlns:stepf="http://www.nuxeo.org/ecm/schemas/step_folder" name="step_folder">
    <stepf:execution><![CDATA[graph]]></stepf:execution>
  </schema>
  <schema xmlns:common="http://www.nuxeo.org/ecm/schemas/common/" name="common">
    <common:icon/>
    <common:icon-expanded/>
    <common:size/>
  </schema>
  <schema xmlns:var_generic-model="http://www.nuxeo.org/ecm/project/schemas/osivia-project/var_generic-model" name="var_generic-model"></schema>
  <schema xmlns:docrm="http://www.nuxeo.org/ecm/schemas/document_route_model" name="document_route_model"></schema>
</document>
